{"cameraMode":{"drawMode":0,"name":"Shaded","section":"Shading Mode"},"sceneLighting":true,"audioPlay":false,"sceneViewState":{"showFog":true,"showMaterialUpdate":false,"showSkybox":false,"showFlares":true,"showImageEffects":true,"showParticleSystems":true},"in2DMode":false,"pivot":{"x":33.411048889160159,"y":2.8292226791381838,"z":20.891698837280275},"rotation":{"x":0.16445349156856538,"y":0.3517393469810486,"z":-0.06291619688272476,"w":0.9193912744522095},"size":8.027105331420899,"orthographic":false}