{"cameraMode":{"drawMode":0,"name":"Shaded","section":"Shading Mode"},"sceneLighting":false,"audioPlay":false,"sceneViewState":{"showFog":true,"showMaterialUpdate":false,"showSkybox":false,"showFlares":true,"showImageEffects":true,"showParticleSystems":true},"in2DMode":false,"pivot":{"x":2.1259443759918215,"y":2.3362207412719728,"z":1.850975513458252},"rotation":{"x":0.15830783545970918,"y":0.016885271295905114,"z":-0.00270761433057487,"w":0.9872429370880127},"size":10.565157890319825,"orthographic":false}