{"cameraMode":{"drawMode":0,"name":"Shaded","section":"Shading Mode"},"sceneLighting":true,"audioPlay":false,"sceneViewState":{"showFog":true,"showMaterialUpdate":false,"showSkybox":false,"showFlares":true,"showImageEffects":true,"showParticleSystems":true},"in2DMode":false,"pivot":{"x":14.854378700256348,"y":0.947401762008667,"z":-15.760782241821289},"rotation":{"x":0.09062523394823075,"y":0.7115312218666077,"z":-0.09338557720184326,"w":0.6904992461204529},"size":13.64138126373291,"orthographic":false}