{"cameraMode":{"drawMode":0,"name":"Shaded","section":"Shading Mode"},"sceneLighting":false,"audioPlay":false,"sceneViewState":{"showFog":true,"showMaterialUpdate":false,"showSkybox":false,"showFlares":true,"showImageEffects":true,"showParticleSystems":true},"in2DMode":false,"pivot":{"x":-0.2898552119731903,"y":-0.03349965810775757,"z":0.27324748039245608},"rotation":{"x":-0.04195265844464302,"y":-0.9577151536941528,"z":-0.21376386284828187,"w":0.18796060979366303},"size":1.9537289142608643,"orthographic":false}