{"cameraMode":{"drawMode":0,"name":"Shaded","section":"Shading Mode"},"sceneLighting":true,"audioPlay":false,"sceneViewState":{"showFog":true,"showMaterialUpdate":false,"showSkybox":false,"showFlares":true,"showImageEffects":true,"showParticleSystems":true},"in2DMode":false,"pivot":{"x":2.2005996704101564,"y":6.884145736694336,"z":-0.8004846572875977},"rotation":{"x":0.0764600858092308,"y":0.8935806751251221,"z":-0.16676212847232819,"w":0.40970489382743838},"size":10.33869457244873,"orthographic":false}