{"cameraMode":{"drawMode":0,"name":"Shaded","section":"Shading Mode"},"sceneLighting":true,"audioPlay":false,"sceneViewState":{"showFog":true,"showMaterialUpdate":false,"showSkybox":false,"showFlares":true,"showImageEffects":true,"showParticleSystems":true},"in2DMode":false,"pivot":{"x":-5.843111038208008,"y":-2.811014175415039,"z":-11.814676284790039},"rotation":{"x":0.030787039548158647,"y":0.8926329016685486,"z":-0.0616895891726017,"w":0.4454806447029114},"size":32.46556091308594,"orthographic":false}