{"cameraMode":{"drawMode":0,"name":"Shaded","section":"Shading Mode"},"sceneLighting":true,"audioPlay":false,"sceneViewState":{"showFog":true,"showMaterialUpdate":false,"showSkybox":false,"showFlares":true,"showImageEffects":true,"showParticleSystems":true},"in2DMode":false,"pivot":{"x":12.206892013549805,"y":-6.588893890380859,"z":17.534996032714845},"rotation":{"x":-0.06869754195213318,"y":0.8050718307495117,"z":-0.5814591646194458,"w":-0.09511667490005493},"size":20.014368057250978,"orthographic":false}