{"cameraMode":{"drawMode":0,"name":"Shaded","section":"Shading Mode"},"sceneLighting":false,"audioPlay":false,"sceneViewState":{"showFog":true,"showMaterialUpdate":false,"showSkybox":false,"showFlares":true,"showImageEffects":true,"showParticleSystems":true},"in2DMode":false,"pivot":{"x":7.294491767883301,"y":2.8412609100341799,"z":2.828547954559326},"rotation":{"x":0.15830783545970918,"y":0.016885271295905114,"z":-0.00270761433057487,"w":0.9872429370880127},"size":13.30273151397705,"orthographic":false}