{"cameraMode":{"drawMode":0,"name":"Shaded","section":"Shading Mode"},"sceneLighting":false,"audioPlay":false,"sceneViewState":{"showFog":true,"showMaterialUpdate":false,"showSkybox":false,"showFlares":true,"showImageEffects":true,"showParticleSystems":true},"in2DMode":false,"pivot":{"x":-1.1920928955078126e-7,"y":1.0,"z":4.76837158203125e-7},"rotation":{"x":0.002165144309401512,"y":-0.9796313643455505,"z":0.2005174458026886,"w":0.010576576925814152},"size":5.605941295623779,"orthographic":false}