{"cameraMode":{"drawMode":0,"name":"Shaded","section":"Shading Mode"},"sceneLighting":true,"audioPlay":false,"sceneViewState":{"showFog":true,"showMaterialUpdate":false,"showSkybox":false,"showFlares":true,"showImageEffects":true,"showParticleSystems":true},"in2DMode":false,"pivot":{"x":2.7949209213256838,"y":0.7182507514953613,"z":-8.092252731323243},"rotation":{"x":0.09349313378334046,"y":0.9062671661376953,"z":-0.28034132719039919,"w":0.302237868309021},"size":16.27090835571289,"orthographic":false}