{"cameraMode":{"drawMode":0,"name":"Shaded","section":"Shading Mode"},"sceneLighting":false,"audioPlay":false,"sceneViewState":{"showFog":true,"showMaterialUpdate":false,"showSkybox":false,"showFlares":true,"showImageEffects":true,"showParticleSystems":true},"in2DMode":false,"pivot":{"x":10.485126495361329,"y":1.9798526763916016,"z":2.4357290267944338},"rotation":{"x":0.15830783545970918,"y":0.016885271295905114,"z":-0.00270761433057487,"w":0.9872429370880127},"size":18.702726364135743,"orthographic":false}