{"cameraMode":{"drawMode":0,"name":"Shaded","section":"Shading Mode"},"sceneLighting":true,"audioPlay":false,"sceneViewState":{"showFog":true,"showMaterialUpdate":false,"showSkybox":false,"showFlares":true,"showImageEffects":true,"showParticleSystems":true},"in2DMode":false,"pivot":{"x":-2.641317367553711,"y":3.2079038619995119,"z":-16.31494903564453},"rotation":{"x":0.01580139622092247,"y":0.7845601439476013,"z":-0.020010612905025483,"w":0.61952805519104},"size":15.47836971282959,"orthographic":false}