{"cameraMode":{"drawMode":0,"name":"Shaded","section":"Shading Mode"},"sceneLighting":true,"audioPlay":false,"sceneViewState":{"showFog":true,"showMaterialUpdate":false,"showSkybox":false,"showFlares":true,"showImageEffects":true,"showParticleSystems":true},"in2DMode":false,"pivot":{"x":4.492156028747559,"y":5.095573425292969,"z":-0.8229770660400391},"rotation":{"x":0.07060254365205765,"y":0.9293903708457947,"z":-0.25421708822250368,"w":0.2581154704093933},"size":34.494659423828128,"orthographic":false}