{"cameraMode":{"drawMode":0,"name":"Shaded","section":"Shading Mode"},"sceneLighting":true,"audioPlay":false,"sceneViewState":{"showFog":true,"showMaterialUpdate":false,"showSkybox":false,"showFlares":true,"showImageEffects":true,"showParticleSystems":true},"in2DMode":false,"pivot":{"x":-18.598045349121095,"y":3.897714853286743,"z":-4.369232177734375},"rotation":{"x":0.030787039548158647,"y":0.8926329016685486,"z":-0.0616895891726017,"w":0.4454806447029114},"size":12.289770126342774,"orthographic":false}