{"cameraMode":{"drawMode":0,"name":"Shaded","section":"Shading Mode"},"sceneLighting":true,"audioPlay":false,"sceneViewState":{"showFog":true,"showMaterialUpdate":false,"showSkybox":false,"showFlares":true,"showImageEffects":true,"showParticleSystems":true},"in2DMode":false,"pivot":{"x":2.061999797821045,"y":-1.4290878772735596,"z":5.222599029541016},"rotation":{"x":-0.002589997136965394,"y":0.9785754084587097,"z":-0.2055087834596634,"w":-0.012332300655543805},"size":9.630447387695313,"orthographic":false}