{"cameraMode":{"drawMode":0,"name":"Shaded","section":"Shading Mode"},"sceneLighting":true,"audioPlay":false,"sceneViewState":{"showFog":true,"showMaterialUpdate":false,"showSkybox":false,"showFlares":true,"showImageEffects":true,"showParticleSystems":true},"in2DMode":false,"pivot":{"x":0.2585916519165039,"y":0.043578147888183597,"z":-0.9760847091674805},"rotation":{"x":0.13535964488983155,"y":-0.6970259547233582,"z":0.13658352196216584,"w":0.690780758857727},"size":3.9357235431671144,"orthographic":false}