{"cameraMode":{"drawMode":0,"name":"Shaded","section":"Shading Mode"},"sceneLighting":false,"audioPlay":false,"sceneViewState":{"showFog":true,"showMaterialUpdate":false,"showSkybox":false,"showFlares":true,"showImageEffects":true,"showParticleSystems":true},"in2DMode":false,"pivot":{"x":50.05426788330078,"y":3.9589178562164308,"z":21.557376861572267},"rotation":{"x":0.0028673773631453516,"y":0.294085830450058,"z":-0.0008822727249935269,"w":0.9557747840881348},"size":39.916748046875,"orthographic":false}