{"cameraMode":{"drawMode":0,"name":"Shaded","section":"Shading Mode"},"sceneLighting":false,"audioPlay":false,"sceneViewState":{"showFog":true,"showMaterialUpdate":false,"showSkybox":false,"showFlares":true,"showImageEffects":true,"showParticleSystems":true},"in2DMode":false,"pivot":{"x":15.009804725646973,"y":3.0199666023254396,"z":28.9890079498291},"rotation":{"x":0.15830783545970918,"y":0.016885271295905114,"z":-0.00270761433057487,"w":0.9872429370880127},"size":7.975933074951172,"orthographic":false}