{"cameraMode":{"drawMode":0,"name":"Shaded","section":"Shading Mode"},"sceneLighting":true,"audioPlay":false,"sceneViewState":{"showFog":true,"showMaterialUpdate":false,"showSkybox":false,"showFlares":true,"showImageEffects":true,"showParticleSystems":true},"in2DMode":false,"pivot":{"x":-12.13292407989502,"y":-0.4549560546875,"z":4.320302963256836},"rotation":{"x":-0.06869754195213318,"y":0.8050718307495117,"z":-0.5814591646194458,"w":-0.09511667490005493},"size":32.46556091308594,"orthographic":false}