{"cameraMode":{"drawMode":0,"name":"Shaded","section":"Shading Mode"},"sceneLighting":true,"audioPlay":false,"sceneViewState":{"showFog":true,"showMaterialUpdate":false,"showSkybox":false,"showFlares":true,"showImageEffects":true,"showParticleSystems":true},"in2DMode":false,"pivot":{"x":-7.587400436401367,"y":4.356842041015625,"z":-5.449737071990967},"rotation":{"x":0.030787039548158647,"y":0.8926329016685486,"z":-0.0616895891726017,"w":0.4454806447029114},"size":15.455789566040039,"orthographic":false}