{"cameraMode":{"drawMode":0,"name":"Shaded","section":"Shading Mode"},"sceneLighting":false,"audioPlay":false,"sceneViewState":{"showFog":true,"showMaterialUpdate":false,"showSkybox":false,"showFlares":true,"showImageEffects":true,"showParticleSystems":true},"in2DMode":false,"pivot":{"x":5.000004291534424,"y":5.5,"z":-3.000001907348633},"rotation":{"x":0.15830783545970918,"y":0.016885271295905114,"z":-0.00270761433057487,"w":0.9872429370880127},"size":23.392805099487306,"orthographic":false}